{
  "project_info": {
    "project_number": "332851798936",
    "firebase_url": "https://vinefy-4fd2c.firebaseio.com",
    "project_id": "vinefy-4fd2c",
    "storage_bucket": "vinefy-4fd2c.appspot.com"
  },
  "client": [
    {
      "client_info": {
        "mobilesdk_app_id": "1:332851798936:android:c5a86f47f1131336",
        "android_client_info": {
          "package_name": "com.example.mow.vfy_7"
        }
      },
      "oauth_client": [
        {
          "client_id": "332851798936-17osupuo4di45pbgqjqqm47bg32skhec.apps.googleusercontent.com",
          "client_type": 1,
          "android_info": {
            "package_name": "com.example.mow.vfy_7",
            "certificate_hash": "3481f7e01adc4cd06372ebcd4edbc1496b7c7692"
          }
        },
        {
          "client_id": "332851798936-cq53n9fu1fjjp85v0qnq958cojtjv1gj.apps.googleusercontent.com",
          "client_type": 3
        }
      ],
      "api_key": [
        {
          "current_key": "AIzaSyAseBY3MC5_aeYGN-Iwfm0ghg71J1JgZa0"
        }
      ],
      "services": {
        "analytics_service": {
          "status": 1
        },
        "appinvite_service": {
          "status": 2,
          "other_platform_oauth_client": [
            {
              "client_id": "332851798936-cq53n9fu1fjjp85v0qnq958cojtjv1gj.apps.googleusercontent.com",
              "client_type": 3
            }
          ]
        },
        "ads_service": {
          "status": 2
        }
      }
    }
  ],
  "configuration_version": "1"
}